name,description,image,background_color,eye_color,fur-color,weapon,armor_type
Russian Blue Ultramarine 0,Russian Blue Ultramarine servant of the Meowperor,https://ipfs.io/ipfs/QmdwMh2GvDR9BKrNdvqgNKD17bNsDFCSFJpYQR29tRizUW?filename=Russian%20Blue%20Space%20Marine.webp,#0098EE,yellow,silver,pouncing_sword,felis_catus_artificer_mark_VII
Russian Blue Ultramarine 1,Russian Blue Ultramarine servant of the Meowperor,https://ipfs.io/ipfs/QmdwMh2GvDR9BKrNdvqgNKD17bNsDFCSFJpYQR29tRizUW?filename=Russian%20Blue%20Space%20Marine.webp,#0098EE,yellow,silver,pouncing_sword,felis_catus_artificer_mark_VII
Russian Blue Ultramarine 2,Russian Blue Ultramarine servant of the Meowperor,https://ipfs.io/ipfs/QmdwMh2GvDR9BKrNdvqgNKD17bNsDFCSFJpYQR29tRizUW?filename=Russian%20Blue%20Space%20Marine.webp,#0098EE,yellow,silver,pouncing_sword,felis_catus_artificer_mark_VII
Russian Blue Ultramarine 3,Russian Blue Ultramarine servant of the Meowperor,https://ipfs.io/ipfs/QmdwMh2GvDR9BKrNdvqgNKD17bNsDFCSFJpYQR29tRizUW?filename=Russian%20Blue%20Space%20Marine.webp,#0098EE,yellow,silver,pouncing_sword,felis_catus_artificer_mark_VII
Russian Blue Ultramarine 4,Russian Blue Ultramarine servant of the Meowperor,https://ipfs.io/ipfs/QmdwMh2GvDR9BKrNdvqgNKD17bNsDFCSFJpYQR29tRizUW?filename=Russian%20Blue%20Space%20Marine.webp,#0098EE,yellow,silver,pouncing_sword,felis_catus_artificer_mark_VII
Russian Blue Ultramarine 5,Russian Blue Ultramarine servant of the Meowperor,https://ipfs.io/ipfs/QmdwMh2GvDR9BKrNdvqgNKD17bNsDFCSFJpYQR29tRizUW?filename=Russian%20Blue%20Space%20Marine.webp,#0098EE,yellow,silver,pouncing_sword,felis_catus_artificer_mark_VII
Russian Blue Ultramarine 6,Russian Blue Ultramarine servant of the Meowperor,https://ipfs.io/ipfs/QmdwMh2GvDR9BKrNdvqgNKD17bNsDFCSFJpYQR29tRizUW?filename=Russian%20Blue%20Space%20Marine.webp,#0098EE,yellow,silver,pouncing_sword,felis_catus_artificer_mark_VII
Russian Blue Ultramarine 7,Russian Blue Ultramarine servant of the Meowperor,https://ipfs.io/ipfs/QmdwMh2GvDR9BKrNdvqgNKD17bNsDFCSFJpYQR29tRizUW?filename=Russian%20Blue%20Space%20Marine.webp,#0098EE,yellow,silver,pouncing_sword,felis_catus_artificer_mark_VII
Russian Blue Ultramarine 8,Russian Blue Ultramarine servant of the Meowperor,https://ipfs.io/ipfs/QmdwMh2GvDR9BKrNdvqgNKD17bNsDFCSFJpYQR29tRizUW?filename=Russian%20Blue%20Space%20Marine.webp,#0098EE,yellow,silver,pouncing_sword,felis_catus_artificer_mark_VII
Russian Blue Ultramarine 9,Russian Blue Ultramarine servant of the Meowperor,https://ipfs.io/ipfs/QmdwMh2GvDR9BKrNdvqgNKD17bNsDFCSFJpYQR29tRizUW?filename=Russian%20Blue%20Space%20Marine.webp,#0098EE,yellow,silver,pouncing_sword,felis_catus_artificer_mark_VII
Russian Blue Ultramarine 10,Russian Blue Ultramarine servant of the Meowperor,https://ipfs.io/ipfs/QmdwMh2GvDR9BKrNdvqgNKD17bNsDFCSFJpYQR29tRizUW?filename=Russian%20Blue%20Space%20Marine.webp,#0098EE,yellow,silver,pouncing_sword,felis_catus_artificer_mark_VII
Russian Blue Ultramarine 11,Russian Blue Ultramarine servant of the Meowperor,https://ipfs.io/ipfs/QmdwMh2GvDR9BKrNdvqgNKD17bNsDFCSFJpYQR29tRizUW?filename=Russian%20Blue%20Space%20Marine.webp,#0098EE,yellow,silver,pouncing_sword,felis_catus_artificer_mark_VII
Russian Blue Ultramarine 12,Russian Blue Ultramarine servant of the Meowperor,https://ipfs.io/ipfs/QmdwMh2GvDR9BKrNdvqgNKD17bNsDFCSFJpYQR29tRizUW?filename=Russian%20Blue%20Space%20Marine.webp,#0098EE,yellow,silver,pouncing_sword,felis_catus_artificer_mark_VII
Russian Blue Ultramarine 13,Russian Blue Ultramarine servant of the Meowperor,https://ipfs.io/ipfs/QmdwMh2GvDR9BKrNdvqgNKD17bNsDFCSFJpYQR29tRizUW?filename=Russian%20Blue%20Space%20Marine.webp,#0098EE,yellow,silver,pouncing_sword,felis_catus_artificer_mark_VII
Russian Blue Ultramarine 14,Russian Blue Ultramarine servant of the Meowperor,https://ipfs.io/ipfs/QmdwMh2GvDR9BKrNdvqgNKD17bNsDFCSFJpYQR29tRizUW?filename=Russian%20Blue%20Space%20Marine.webp,#0098EE,yellow,silver,pouncing_sword,felis_catus_artificer_mark_VII
Russian Blue Ultramarine 15,Russian Blue Ultramarine servant of the Meowperor,https://ipfs.io/ipfs/QmdwMh2GvDR9BKrNdvqgNKD17bNsDFCSFJpYQR29tRizUW?filename=Russian%20Blue%20Space%20Marine.webp,#0098EE,yellow,silver,pouncing_sword,felis_catus_artificer_mark_VII
Russian Blue Ultramarine 16,Russian Blue Ultramarine servant of the Meowperor,https://ipfs.io/ipfs/QmdwMh2GvDR9BKrNdvqgNKD17bNsDFCSFJpYQR29tRizUW?filename=Russian%20Blue%20Space%20Marine.webp,#0098EE,yellow,silver,pouncing_sword,felis_catus_artificer_mark_VII
Russian Blue Ultramarine 17,Russian Blue Ultramarine servant of the Meowperor,https://ipfs.io/ipfs/QmdwMh2GvDR9BKrNdvqgNKD17bNsDFCSFJpYQR29tRizUW?filename=Russian%20Blue%20Space%20Marine.webp,#0098EE,yellow,silver,pouncing_sword,felis_catus_artificer_mark_VII
Russian Blue Ultramarine 18,Russian Blue Ultramarine servant of the Meowperor,https://ipfs.io/ipfs/QmdwMh2GvDR9BKrNdvqgNKD17bNsDFCSFJpYQR29tRizUW?filename=Russian%20Blue%20Space%20Marine.webp,#0098EE,yellow,silver,pouncing_sword,felis_catus_artificer_mark_VII
Russian Blue Ultramarine 19,Russian Blue Ultramarine servant of the Meowperor,https://ipfs.io/ipfs/QmdwMh2GvDR9BKrNdvqgNKD17bNsDFCSFJpYQR29tRizUW?filename=Russian%20Blue%20Space%20Marine.webp,#0098EE,yellow,silver,pouncing_sword,felis_catus_artificer_mark_VII
Russian Blue Ultramarine 20,Russian Blue Ultramarine servant of the Meowperor,https://ipfs.io/ipfs/QmdwMh2GvDR9BKrNdvqgNKD17bNsDFCSFJpYQR29tRizUW?filename=Russian%20Blue%20Space%20Marine.webp,#0098EE,yellow,silver,pouncing_sword,felis_catus_artificer_mark_VII
Russian Blue Ultramarine 21,Russian Blue Ultramarine servant of the Meowperor,https://ipfs.io/ipfs/QmdwMh2GvDR9BKrNdvqgNKD17bNsDFCSFJpYQR29tRizUW?filename=Russian%20Blue%20Space%20Marine.webp,#0098EE,yellow,silver,pouncing_sword,felis_catus_artificer_mark_VII
Russian Blue Ultramarine 22,Russian Blue Ultramarine servant of the Meowperor,https://ipfs.io/ipfs/QmdwMh2GvDR9BKrNdvqgNKD17bNsDFCSFJpYQR29tRizUW?filename=Russian%20Blue%20Space%20Marine.webp,#0098EE,yellow,silver,pouncing_sword,felis_catus_artificer_mark_VII
Russian Blue Ultramarine 23,Russian Blue Ultramarine servant of the Meowperor,https://ipfs.io/ipfs/QmdwMh2GvDR9BKrNdvqgNKD17bNsDFCSFJpYQR29tRizUW?filename=Russian%20Blue%20Space%20Marine.webp,#0098EE,yellow,silver,pouncing_sword,felis_catus_artificer_mark_VII
Russian Blue Ultramarine 24,Russian Blue Ultramarine servant of the Meowperor,https://ipfs.io/ipfs/QmdwMh2GvDR9BKrNdvqgNKD17bNsDFCSFJpYQR29tRizUW?filename=Russian%20Blue%20Space%20Marine.webp,#0098EE,yellow,silver,pouncing_sword,felis_catus_artificer_mark_VII
Russian Blue Ultramarine 25,Russian Blue Ultramarine servant of the Meowperor,https://ipfs.io/ipfs/QmdwMh2GvDR9BKrNdvqgNKD17bNsDFCSFJpYQR29tRizUW?filename=Russian%20Blue%20Space%20Marine.webp,#0098EE,yellow,silver,pouncing_sword,felis_catus_artificer_mark_VII
Russian Blue Ultramarine 26,Russian Blue Ultramarine servant of the Meowperor,https://ipfs.io/ipfs/QmdwMh2GvDR9BKrNdvqgNKD17bNsDFCSFJpYQR29tRizUW?filename=Russian%20Blue%20Space%20Marine.webp,#0098EE,yellow,silver,pouncing_sword,felis_catus_artificer_mark_VII
Russian Blue Ultramarine 27,Russian Blue Ultramarine servant of the Meowperor,https://ipfs.io/ipfs/QmdwMh2GvDR9BKrNdvqgNKD17bNsDFCSFJpYQR29tRizUW?filename=Russian%20Blue%20Space%20Marine.webp,#0098EE,yellow,silver,pouncing_sword,felis_catus_artificer_mark_VII
Russian Blue Ultramarine 28,Russian Blue Ultramarine servant of the Meowperor,https://ipfs.io/ipfs/QmdwMh2GvDR9BKrNdvqgNKD17bNsDFCSFJpYQR29tRizUW?filename=Russian%20Blue%20Space%20Marine.webp,#0098EE,yellow,silver,pouncing_sword,felis_catus_artificer_mark_VII
Russian Blue Ultramarine 29,Russian Blue Ultramarine servant of the Meowperor,https://ipfs.io/ipfs/QmdwMh2GvDR9BKrNdvqgNKD17bNsDFCSFJpYQR29tRizUW?filename=Russian%20Blue%20Space%20Marine.webp,#0098EE,yellow,silver,pouncing_sword,felis_catus_artificer_mark_VII
Russian Blue Ultramarine 30,Russian Blue Ultramarine servant of the Meowperor,https://ipfs.io/ipfs/QmdwMh2GvDR9BKrNdvqgNKD17bNsDFCSFJpYQR29tRizUW?filename=Russian%20Blue%20Space%20Marine.webp,#0098EE,yellow,silver,pouncing_sword,felis_catus_artificer_mark_VII
Russian Blue Ultramarine 31,Russian Blue Ultramarine servant of the Meowperor,https://ipfs.io/ipfs/QmdwMh2GvDR9BKrNdvqgNKD17bNsDFCSFJpYQR29tRizUW?filename=Russian%20Blue%20Space%20Marine.webp,#0098EE,yellow,silver,pouncing_sword,felis_catus_artificer_mark_VII
Russian Blue Ultramarine 32,Russian Blue Ultramarine servant of the Meowperor,https://ipfs.io/ipfs/QmdwMh2GvDR9BKrNdvqgNKD17bNsDFCSFJpYQR29tRizUW?filename=Russian%20Blue%20Space%20Marine.webp,#0098EE,yellow,silver,pouncing_sword,felis_catus_artificer_mark_VII
Russian Blue Ultramarine 33,Russian Blue Ultramarine servant of the Meowperor,https://ipfs.io/ipfs/QmdwMh2GvDR9BKrNdvqgNKD17bNsDFCSFJpYQR29tRizUW?filename=Russian%20Blue%20Space%20Marine.webp,#0098EE,yellow,silver,pouncing_sword,felis_catus_artificer_mark_VII
Russian Blue Ultramarine 34,Russian Blue Ultramarine servant of the Meowperor,https://ipfs.io/ipfs/QmdwMh2GvDR9BKrNdvqgNKD17bNsDFCSFJpYQR29tRizUW?filename=Russian%20Blue%20Space%20Marine.webp,#0098EE,yellow,silver,pouncing_sword,felis_catus_artificer_mark_VII
Russian Blue Ultramarine 35,Russian Blue Ultramarine servant of the Meowperor,https://ipfs.io/ipfs/QmdwMh2GvDR9BKrNdvqgNKD17bNsDFCSFJpYQR29tRizUW?filename=Russian%20Blue%20Space%20Marine.webp,#0098EE,yellow,silver,pouncing_sword,felis_catus_artificer_mark_VII
Russian Blue Ultramarine 36,Russian Blue Ultramarine servant of the Meowperor,https://ipfs.io/ipfs/QmdwMh2GvDR9BKrNdvqgNKD17bNsDFCSFJpYQR29tRizUW?filename=Russian%20Blue%20Space%20Marine.webp,#0098EE,yellow,silver,pouncing_sword,felis_catus_artificer_mark_VII
Russian Blue Ultramarine 37,Russian Blue Ultramarine servant of the Meowperor,https://ipfs.io/ipfs/QmdwMh2GvDR9BKrNdvqgNKD17bNsDFCSFJpYQR29tRizUW?filename=Russian%20Blue%20Space%20Marine.webp,#0098EE,yellow,silver,pouncing_sword,felis_catus_artificer_mark_VII
Russian Blue Ultramarine 38,Russian Blue Ultramarine servant of the Meowperor,https://ipfs.io/ipfs/QmdwMh2GvDR9BKrNdvqgNKD17bNsDFCSFJpYQR29tRizUW?filename=Russian%20Blue%20Space%20Marine.webp,#0098EE,yellow,silver,pouncing_sword,felis_catus_artificer_mark_VII
Russian Blue Ultramarine 39,Russian Blue Ultramarine servant of the Meowperor,https://ipfs.io/ipfs/QmdwMh2GvDR9BKrNdvqgNKD17bNsDFCSFJpYQR29tRizUW?filename=Russian%20Blue%20Space%20Marine.webp,#0098EE,yellow,silver,pouncing_sword,felis_catus_artificer_mark_VII
Russian Blue Ultramarine 40,Russian Blue Ultramarine servant of the Meowperor,https://ipfs.io/ipfs/QmdwMh2GvDR9BKrNdvqgNKD17bNsDFCSFJpYQR29tRizUW?filename=Russian%20Blue%20Space%20Marine.webp,#0098EE,yellow,silver,pouncing_sword,felis_catus_artificer_mark_VII
Russian Blue Ultramarine 41,Russian Blue Ultramarine servant of the Meowperor,https://ipfs.io/ipfs/QmdwMh2GvDR9BKrNdvqgNKD17bNsDFCSFJpYQR29tRizUW?filename=Russian%20Blue%20Space%20Marine.webp,#0098EE,yellow,silver,pouncing_sword,felis_catus_artificer_mark_VII
Russian Blue Ultramarine 42,Russian Blue Ultramarine servant of the Meowperor,https://ipfs.io/ipfs/QmdwMh2GvDR9BKrNdvqgNKD17bNsDFCSFJpYQR29tRizUW?filename=Russian%20Blue%20Space%20Marine.webp,#0098EE,yellow,silver,pouncing_sword,felis_catus_artificer_mark_VII
Russian Blue Ultramarine 43,Russian Blue Ultramarine servant of the Meowperor,https://ipfs.io/ipfs/QmdwMh2GvDR9BKrNdvqgNKD17bNsDFCSFJpYQR29tRizUW?filename=Russian%20Blue%20Space%20Marine.webp,#0098EE,yellow,silver,pouncing_sword,felis_catus_artificer_mark_VII
Russian Blue Ultramarine 44,Russian Blue Ultramarine servant of the Meowperor,https://ipfs.io/ipfs/QmdwMh2GvDR9BKrNdvqgNKD17bNsDFCSFJpYQR29tRizUW?filename=Russian%20Blue%20Space%20Marine.webp,#0098EE,yellow,silver,pouncing_sword,felis_catus_artificer_mark_VII
Russian Blue Ultramarine 45,Russian Blue Ultramarine servant of the Meowperor,https://ipfs.io/ipfs/QmdwMh2GvDR9BKrNdvqgNKD17bNsDFCSFJpYQR29tRizUW?filename=Russian%20Blue%20Space%20Marine.webp,#0098EE,yellow,silver,pouncing_sword,felis_catus_artificer_mark_VII
Russian Blue Ultramarine 46,Russian Blue Ultramarine servant of the Meowperor,https://ipfs.io/ipfs/QmdwMh2GvDR9BKrNdvqgNKD17bNsDFCSFJpYQR29tRizUW?filename=Russian%20Blue%20Space%20Marine.webp,#0098EE,yellow,silver,pouncing_sword,felis_catus_artificer_mark_VII
Russian Blue Ultramarine 47,Russian Blue Ultramarine servant of the Meowperor,https://ipfs.io/ipfs/QmdwMh2GvDR9BKrNdvqgNKD17bNsDFCSFJpYQR29tRizUW?filename=Russian%20Blue%20Space%20Marine.webp,#0098EE,yellow,silver,pouncing_sword,felis_catus_artificer_mark_VII
Russian Blue Ultramarine 48,Russian Blue Ultramarine servant of the Meowperor,https://ipfs.io/ipfs/QmdwMh2GvDR9BKrNdvqgNKD17bNsDFCSFJpYQR29tRizUW?filename=Russian%20Blue%20Space%20Marine.webp,#0098EE,yellow,silver,pouncing_sword,felis_catus_artificer_mark_VII
Russian Blue Ultramarine 49,Russian Blue Ultramarine servant of the Meowperor,https://ipfs.io/ipfs/QmdwMh2GvDR9BKrNdvqgNKD17bNsDFCSFJpYQR29tRizUW?filename=Russian%20Blue%20Space%20Marine.webp,#0098EE,yellow,silver,pouncing_sword,felis_catus_artificer_mark_VII
Russian Blue Ultramarine 50,Russian Blue Ultramarine servant of the Meowperor,https://ipfs.io/ipfs/QmdwMh2GvDR9BKrNdvqgNKD17bNsDFCSFJpYQR29tRizUW?filename=Russian%20Blue%20Space%20Marine.webp,#0098EE,yellow,silver,pouncing_sword,felis_catus_artificer_mark_VII
Russian Blue Ultramarine 51,Russian Blue Ultramarine servant of the Meowperor,https://ipfs.io/ipfs/QmdwMh2GvDR9BKrNdvqgNKD17bNsDFCSFJpYQR29tRizUW?filename=Russian%20Blue%20Space%20Marine.webp,#0098EE,yellow,silver,pouncing_sword,felis_catus_artificer_mark_VII
Russian Blue Ultramarine 52,Russian Blue Ultramarine servant of the Meowperor,https://ipfs.io/ipfs/QmdwMh2GvDR9BKrNdvqgNKD17bNsDFCSFJpYQR29tRizUW?filename=Russian%20Blue%20Space%20Marine.webp,#0098EE,yellow,silver,pouncing_sword,felis_catus_artificer_mark_VII
Russian Blue Ultramarine 53,Russian Blue Ultramarine servant of the Meowperor,https://ipfs.io/ipfs/QmdwMh2GvDR9BKrNdvqgNKD17bNsDFCSFJpYQR29tRizUW?filename=Russian%20Blue%20Space%20Marine.webp,#0098EE,yellow,silver,pouncing_sword,felis_catus_artificer_mark_VII
Russian Blue Ultramarine 54,Russian Blue Ultramarine servant of the Meowperor,https://ipfs.io/ipfs/QmdwMh2GvDR9BKrNdvqgNKD17bNsDFCSFJpYQR29tRizUW?filename=Russian%20Blue%20Space%20Marine.webp,#0098EE,yellow,silver,pouncing_sword,felis_catus_artificer_mark_VII
Russian Blue Ultramarine 55,Russian Blue Ultramarine servant of the Meowperor,https://ipfs.io/ipfs/QmdwMh2GvDR9BKrNdvqgNKD17bNsDFCSFJpYQR29tRizUW?filename=Russian%20Blue%20Space%20Marine.webp,#0098EE,yellow,silver,pouncing_sword,felis_catus_artificer_mark_VII
Russian Blue Ultramarine 56,Russian Blue Ultramarine servant of the Meowperor,https://ipfs.io/ipfs/QmdwMh2GvDR9BKrNdvqgNKD17bNsDFCSFJpYQR29tRizUW?filename=Russian%20Blue%20Space%20Marine.webp,#0098EE,yellow,silver,pouncing_sword,felis_catus_artificer_mark_VII
Russian Blue Ultramarine 57,Russian Blue Ultramarine servant of the Meowperor,https://ipfs.io/ipfs/QmdwMh2GvDR9BKrNdvqgNKD17bNsDFCSFJpYQR29tRizUW?filename=Russian%20Blue%20Space%20Marine.webp,#0098EE,yellow,silver,pouncing_sword,felis_catus_artificer_mark_VII
Russian Blue Ultramarine 58,Russian Blue Ultramarine servant of the Meowperor,https://ipfs.io/ipfs/QmdwMh2GvDR9BKrNdvqgNKD17bNsDFCSFJpYQR29tRizUW?filename=Russian%20Blue%20Space%20Marine.webp,#0098EE,yellow,silver,pouncing_sword,felis_catus_artificer_mark_VII
Russian Blue Ultramarine 59,Russian Blue Ultramarine servant of the Meowperor,https://ipfs.io/ipfs/QmdwMh2GvDR9BKrNdvqgNKD17bNsDFCSFJpYQR29tRizUW?filename=Russian%20Blue%20Space%20Marine.webp,#0098EE,yellow,silver,pouncing_sword,felis_catus_artificer_mark_VII
Russian Blue Ultramarine 60,Russian Blue Ultramarine servant of the Meowperor,https://ipfs.io/ipfs/QmdwMh2GvDR9BKrNdvqgNKD17bNsDFCSFJpYQR29tRizUW?filename=Russian%20Blue%20Space%20Marine.webp,#0098EE,yellow,silver,pouncing_sword,felis_catus_artificer_mark_VII
Russian Blue Ultramarine 61,Russian Blue Ultramarine servant of the Meowperor,https://ipfs.io/ipfs/QmdwMh2GvDR9BKrNdvqgNKD17bNsDFCSFJpYQR29tRizUW?filename=Russian%20Blue%20Space%20Marine.webp,#0098EE,yellow,silver,pouncing_sword,felis_catus_artificer_mark_VII
Russian Blue Ultramarine 62,Russian Blue Ultramarine servant of the Meowperor,https://ipfs.io/ipfs/QmdwMh2GvDR9BKrNdvqgNKD17bNsDFCSFJpYQR29tRizUW?filename=Russian%20Blue%20Space%20Marine.webp,#0098EE,yellow,silver,pouncing_sword,felis_catus_artificer_mark_VII
Russian Blue Ultramarine 63,Russian Blue Ultramarine servant of the Meowperor,https://ipfs.io/ipfs/QmdwMh2GvDR9BKrNdvqgNKD17bNsDFCSFJpYQR29tRizUW?filename=Russian%20Blue%20Space%20Marine.webp,#0098EE,yellow,silver,pouncing_sword,felis_catus_artificer_mark_VII
Russian Blue Ultramarine 64,Russian Blue Ultramarine servant of the Meowperor,https://ipfs.io/ipfs/QmdwMh2GvDR9BKrNdvqgNKD17bNsDFCSFJpYQR29tRizUW?filename=Russian%20Blue%20Space%20Marine.webp,#0098EE,yellow,silver,pouncing_sword,felis_catus_artificer_mark_VII
Russian Blue Ultramarine 65,Russian Blue Ultramarine servant of the Meowperor,https://ipfs.io/ipfs/QmdwMh2GvDR9BKrNdvqgNKD17bNsDFCSFJpYQR29tRizUW?filename=Russian%20Blue%20Space%20Marine.webp,#0098EE,yellow,silver,pouncing_sword,felis_catus_artificer_mark_VII
Russian Blue Ultramarine 66,Russian Blue Ultramarine servant of the Meowperor,https://ipfs.io/ipfs/QmdwMh2GvDR9BKrNdvqgNKD17bNsDFCSFJpYQR29tRizUW?filename=Russian%20Blue%20Space%20Marine.webp,#0098EE,yellow,silver,pouncing_sword,felis_catus_artificer_mark_VII
Russian Blue Ultramarine 67,Russian Blue Ultramarine servant of the Meowperor,https://ipfs.io/ipfs/QmdwMh2GvDR9BKrNdvqgNKD17bNsDFCSFJpYQR29tRizUW?filename=Russian%20Blue%20Space%20Marine.webp,#0098EE,yellow,silver,pouncing_sword,felis_catus_artificer_mark_VII
Russian Blue Ultramarine 68,Russian Blue Ultramarine servant of the Meowperor,https://ipfs.io/ipfs/QmdwMh2GvDR9BKrNdvqgNKD17bNsDFCSFJpYQR29tRizUW?filename=Russian%20Blue%20Space%20Marine.webp,#0098EE,yellow,silver,pouncing_sword,felis_catus_artificer_mark_VII
Russian Blue Ultramarine 69,Russian Blue Ultramarine servant of the Meowperor,https://ipfs.io/ipfs/QmdwMh2GvDR9BKrNdvqgNKD17bNsDFCSFJpYQR29tRizUW?filename=Russian%20Blue%20Space%20Marine.webp,#0098EE,yellow,silver,pouncing_sword,felis_catus_artificer_mark_VII
Russian Blue Ultramarine 70,Russian Blue Ultramarine servant of the Meowperor,https://ipfs.io/ipfs/QmdwMh2GvDR9BKrNdvqgNKD17bNsDFCSFJpYQR29tRizUW?filename=Russian%20Blue%20Space%20Marine.webp,#0098EE,yellow,silver,pouncing_sword,felis_catus_artificer_mark_VII
Russian Blue Ultramarine 71,Russian Blue Ultramarine servant of the Meowperor,https://ipfs.io/ipfs/QmdwMh2GvDR9BKrNdvqgNKD17bNsDFCSFJpYQR29tRizUW?filename=Russian%20Blue%20Space%20Marine.webp,#0098EE,yellow,silver,pouncing_sword,felis_catus_artificer_mark_VII
Russian Blue Ultramarine 72,Russian Blue Ultramarine servant of the Meowperor,https://ipfs.io/ipfs/QmdwMh2GvDR9BKrNdvqgNKD17bNsDFCSFJpYQR29tRizUW?filename=Russian%20Blue%20Space%20Marine.webp,#0098EE,yellow,silver,pouncing_sword,felis_catus_artificer_mark_VII
Russian Blue Ultramarine 73,Russian Blue Ultramarine servant of the Meowperor,https://ipfs.io/ipfs/QmdwMh2GvDR9BKrNdvqgNKD17bNsDFCSFJpYQR29tRizUW?filename=Russian%20Blue%20Space%20Marine.webp,#0098EE,yellow,silver,pouncing_sword,felis_catus_artificer_mark_VII
Russian Blue Ultramarine 74,Russian Blue Ultramarine servant of the Meowperor,https://ipfs.io/ipfs/QmdwMh2GvDR9BKrNdvqgNKD17bNsDFCSFJpYQR29tRizUW?filename=Russian%20Blue%20Space%20Marine.webp,#0098EE,yellow,silver,pouncing_sword,felis_catus_artificer_mark_VII
Russian Blue Ultramarine 75,Russian Blue Ultramarine servant of the Meowperor,https://ipfs.io/ipfs/QmdwMh2GvDR9BKrNdvqgNKD17bNsDFCSFJpYQR29tRizUW?filename=Russian%20Blue%20Space%20Marine.webp,#0098EE,yellow,silver,pouncing_sword,felis_catus_artificer_mark_VII
Russian Blue Ultramarine 76,Russian Blue Ultramarine servant of the Meowperor,https://ipfs.io/ipfs/QmdwMh2GvDR9BKrNdvqgNKD17bNsDFCSFJpYQR29tRizUW?filename=Russian%20Blue%20Space%20Marine.webp,#0098EE,yellow,silver,pouncing_sword,felis_catus_artificer_mark_VII
Russian Blue Ultramarine 77,Russian Blue Ultramarine servant of the Meowperor,https://ipfs.io/ipfs/QmdwMh2GvDR9BKrNdvqgNKD17bNsDFCSFJpYQR29tRizUW?filename=Russian%20Blue%20Space%20Marine.webp,#0098EE,yellow,silver,pouncing_sword,felis_catus_artificer_mark_VII
Russian Blue Ultramarine 78,Russian Blue Ultramarine servant of the Meowperor,https://ipfs.io/ipfs/QmdwMh2GvDR9BKrNdvqgNKD17bNsDFCSFJpYQR29tRizUW?filename=Russian%20Blue%20Space%20Marine.webp,#0098EE,yellow,silver,pouncing_sword,felis_catus_artificer_mark_VII
Russian Blue Ultramarine 79,Russian Blue Ultramarine servant of the Meowperor,https://ipfs.io/ipfs/QmdwMh2GvDR9BKrNdvqgNKD17bNsDFCSFJpYQR29tRizUW?filename=Russian%20Blue%20Space%20Marine.webp,#0098EE,yellow,silver,pouncing_sword,felis_catus_artificer_mark_VII
Russian Blue Ultramarine 80,Russian Blue Ultramarine servant of the Meowperor,https://ipfs.io/ipfs/QmdwMh2GvDR9BKrNdvqgNKD17bNsDFCSFJpYQR29tRizUW?filename=Russian%20Blue%20Space%20Marine.webp,#0098EE,yellow,silver,pouncing_sword,felis_catus_artificer_mark_VII
Russian Blue Ultramarine 81,Russian Blue Ultramarine servant of the Meowperor,https://ipfs.io/ipfs/QmdwMh2GvDR9BKrNdvqgNKD17bNsDFCSFJpYQR29tRizUW?filename=Russian%20Blue%20Space%20Marine.webp,#0098EE,yellow,silver,pouncing_sword,felis_catus_artificer_mark_VII
Russian Blue Ultramarine 82,Russian Blue Ultramarine servant of the Meowperor,https://ipfs.io/ipfs/QmdwMh2GvDR9BKrNdvqgNKD17bNsDFCSFJpYQR29tRizUW?filename=Russian%20Blue%20Space%20Marine.webp,#0098EE,yellow,silver,pouncing_sword,felis_catus_artificer_mark_VII
Russian Blue Ultramarine 83,Russian Blue Ultramarine servant of the Meowperor,https://ipfs.io/ipfs/QmdwMh2GvDR9BKrNdvqgNKD17bNsDFCSFJpYQR29tRizUW?filename=Russian%20Blue%20Space%20Marine.webp,#0098EE,yellow,silver,pouncing_sword,felis_catus_artificer_mark_VII
Russian Blue Ultramarine 84,Russian Blue Ultramarine servant of the Meowperor,https://ipfs.io/ipfs/QmdwMh2GvDR9BKrNdvqgNKD17bNsDFCSFJpYQR29tRizUW?filename=Russian%20Blue%20Space%20Marine.webp,#0098EE,yellow,silver,pouncing_sword,felis_catus_artificer_mark_VII
Russian Blue Ultramarine 85,Russian Blue Ultramarine servant of the Meowperor,https://ipfs.io/ipfs/QmdwMh2GvDR9BKrNdvqgNKD17bNsDFCSFJpYQR29tRizUW?filename=Russian%20Blue%20Space%20Marine.webp,#0098EE,yellow,silver,pouncing_sword,felis_catus_artificer_mark_VII
Russian Blue Ultramarine 86,Russian Blue Ultramarine servant of the Meowperor,https://ipfs.io/ipfs/QmdwMh2GvDR9BKrNdvqgNKD17bNsDFCSFJpYQR29tRizUW?filename=Russian%20Blue%20Space%20Marine.webp,#0098EE,yellow,silver,pouncing_sword,felis_catus_artificer_mark_VII
Russian Blue Ultramarine 87,Russian Blue Ultramarine servant of the Meowperor,https://ipfs.io/ipfs/QmdwMh2GvDR9BKrNdvqgNKD17bNsDFCSFJpYQR29tRizUW?filename=Russian%20Blue%20Space%20Marine.webp,#0098EE,yellow,silver,pouncing_sword,felis_catus_artificer_mark_VII
Russian Blue Ultramarine 88,Russian Blue Ultramarine servant of the Meowperor,https://ipfs.io/ipfs/QmdwMh2GvDR9BKrNdvqgNKD17bNsDFCSFJpYQR29tRizUW?filename=Russian%20Blue%20Space%20Marine.webp,#0098EE,yellow,silver,pouncing_sword,felis_catus_artificer_mark_VII
Russian Blue Ultramarine 89,Russian Blue Ultramarine servant of the Meowperor,https://ipfs.io/ipfs/QmdwMh2GvDR9BKrNdvqgNKD17bNsDFCSFJpYQR29tRizUW?filename=Russian%20Blue%20Space%20Marine.webp,#0098EE,yellow,silver,pouncing_sword,felis_catus_artificer_mark_VII
Russian Blue Ultramarine 90,Russian Blue Ultramarine servant of the Meowperor,https://ipfs.io/ipfs/QmdwMh2GvDR9BKrNdvqgNKD17bNsDFCSFJpYQR29tRizUW?filename=Russian%20Blue%20Space%20Marine.webp,#0098EE,yellow,silver,pouncing_sword,felis_catus_artificer_mark_VII
Russian Blue Ultramarine 91,Russian Blue Ultramarine servant of the Meowperor,https://ipfs.io/ipfs/QmdwMh2GvDR9BKrNdvqgNKD17bNsDFCSFJpYQR29tRizUW?filename=Russian%20Blue%20Space%20Marine.webp,#0098EE,yellow,silver,pouncing_sword,felis_catus_artificer_mark_VII
Russian Blue Ultramarine 92,Russian Blue Ultramarine servant of the Meowperor,https://ipfs.io/ipfs/QmdwMh2GvDR9BKrNdvqgNKD17bNsDFCSFJpYQR29tRizUW?filename=Russian%20Blue%20Space%20Marine.webp,#0098EE,yellow,silver,pouncing_sword,felis_catus_artificer_mark_VII
Russian Blue Ultramarine 93,Russian Blue Ultramarine servant of the Meowperor,https://ipfs.io/ipfs/QmdwMh2GvDR9BKrNdvqgNKD17bNsDFCSFJpYQR29tRizUW?filename=Russian%20Blue%20Space%20Marine.webp,#0098EE,yellow,silver,pouncing_sword,felis_catus_artificer_mark_VII
Russian Blue Ultramarine 94,Russian Blue Ultramarine servant of the Meowperor,https://ipfs.io/ipfs/QmdwMh2GvDR9BKrNdvqgNKD17bNsDFCSFJpYQR29tRizUW?filename=Russian%20Blue%20Space%20Marine.webp,#0098EE,yellow,silver,pouncing_sword,felis_catus_artificer_mark_VII
Russian Blue Ultramarine 95,Russian Blue Ultramarine servant of the Meowperor,https://ipfs.io/ipfs/QmdwMh2GvDR9BKrNdvqgNKD17bNsDFCSFJpYQR29tRizUW?filename=Russian%20Blue%20Space%20Marine.webp,#0098EE,yellow,silver,pouncing_sword,felis_catus_artificer_mark_VII
Russian Blue Ultramarine 96,Russian Blue Ultramarine servant of the Meowperor,https://ipfs.io/ipfs/QmdwMh2GvDR9BKrNdvqgNKD17bNsDFCSFJpYQR29tRizUW?filename=Russian%20Blue%20Space%20Marine.webp,#0098EE,yellow,silver,pouncing_sword,felis_catus_artificer_mark_VII
Russian Blue Ultramarine 97,Russian Blue Ultramarine servant of the Meowperor,https://ipfs.io/ipfs/QmdwMh2GvDR9BKrNdvqgNKD17bNsDFCSFJpYQR29tRizUW?filename=Russian%20Blue%20Space%20Marine.webp,#0098EE,yellow,silver,pouncing_sword,felis_catus_artificer_mark_VII
Russian Blue Ultramarine 98,Russian Blue Ultramarine servant of the Meowperor,https://ipfs.io/ipfs/QmdwMh2GvDR9BKrNdvqgNKD17bNsDFCSFJpYQR29tRizUW?filename=Russian%20Blue%20Space%20Marine.webp,#0098EE,yellow,silver,pouncing_sword,felis_catus_artificer_mark_VII
Russian Blue Ultramarine 99,Russian Blue Ultramarine servant of the Meowperor,https://ipfs.io/ipfs/QmdwMh2GvDR9BKrNdvqgNKD17bNsDFCSFJpYQR29tRizUW?filename=Russian%20Blue%20Space%20Marine.webp,#0098EE,yellow,silver,pouncing_sword,felis_catus_artificer_mark_VII
Russian Blue Ultramarine 100,Russian Blue Ultramarine servant of the Meowperor,https://ipfs.io/ipfs/QmdwMh2GvDR9BKrNdvqgNKD17bNsDFCSFJpYQR29tRizUW?filename=Russian%20Blue%20Space%20Marine.webp,#0098EE,yellow,silver,pouncing_sword,felis_catus_artificer_mark_VII
